year_month,dias,afectacion_pico_promedio_mw,afectacion_pico_max_mw,deficit_pico_promedio_mw,max_ayer_promedio_mw,dias_afectacion_24h,solar_mwh_promedio
2021-08,1,58.0,58.0,58.0,,0,
2021-09,12,150.0,465.0,150.0,207.6,4,
2021-10,21,49.3,221.0,49.3,215.0,5,
2021-11,25,17.8,202.0,17.8,25.8,0,
2021-12,3,0.0,0.0,0.0,,0,
2022-03,1,0.0,0.0,0.0,115.0,0,
2022-05,8,146.5,390.0,111.4,,4,
2022-06,25,234.5,562.0,202.2,368.8,13,
2022-07,31,313.7,750.0,244.8,408.2,17,
2022-08,30,777.8,1106.0,721.2,746.0,25,
2022-09,28,785.1,1246.0,717.9,730.0,23,
2022-10,29,916.4,1392.0,860.1,1180.0,14,
2022-11,29,1058.3,1487.0,990.8,1064.0,0,
2022-12,31,215.0,1124.0,174.6,110.3,0,
2023-01,31,107.3,581.0,79.2,89.5,1,
2023-02,28,229.2,598.0,176.7,295.0,2,
2023-03,28,227.1,790.0,192.1,371.5,0,
2023-04,30,345.1,755.0,286.6,199.0,3,
2023-05,31,177.3,645.0,152.3,112.5,0,
2023-06,30,208.0,735.0,168.6,59.3,0,
2023-07,31,24.7,260.0,15.7,15.2,0,
2023-08,30,95.5,500.0,65.3,34.8,1,
2023-09,30,397.6,856.0,339.1,463.3,14,
2023-10,28,288.9,973.0,253.9,403.9,9,
2023-11,29,272.4,1070.0,233.8,394.9,4,
2023-12,31,5.6,173.0,3.3,165.0,0,
2024-01,28,219.9,1010.0,202.4,349.2,0,
2024-02,29,693.1,1378.0,642.3,859.3,1,
2024-03,30,884.1,1459.0,822.8,973.7,12,
2024-04,27,250.7,584.0,204.1,240.7,0,
2024-05,29,885.8,1440.0,832.8,768.0,20,
2024-06,28,574.7,1170.0,514.3,545.9,8,
2024-07,25,422.4,950.0,368.4,439.4,6,
2024-08,29,652.9,1305.0,592.6,374.4,11,
2024-09,30,873.9,1390.0,806.6,900.4,15,
2024-10,27,1222.7,1678.0,1157.7,1296.4,22,
2024-11,21,1444.0,1595.0,1373.0,1446.6,13,
2024-12,30,1304.5,1711.0,1239.1,1391.8,3,
2025-01,30,1068.5,1680.0,1003.3,1030.2,1,
2025-02,28,1570.6,1870.0,1513.6,1630.8,20,
2025-03,24,1418.0,1726.0,1351.0,1481.6,10,442.8
2025-04,27,1616.0,1858.0,1538.0,1678.4,24,977.9
2025-05,27,1503.3,1770.0,1426.9,1537.0,24,1178.6
2025-06,30,1617.0,1977.0,1572.4,1656.0,27,1472.0
2025-07,27,1661.3,2065.0,1596.7,1765.7,25,2085.3
2025-08,30,1647.2,1872.0,1569.8,1716.8,28,2568.4
2025-09,26,1759.0,1990.0,1673.0,1753.6,24,2556.9
2025-10,25,1650.3,1900.0,1565.2,1666.2,24,2539.9
2025-11,25,1482.6,1800.0,1418.2,1469.4,19,2171.8
2025-12,26,1897.5,2078.0,1861.0,2008.7,26,2652.3
2026-01,23,1709.7,2000.0,1634.7,1799.0,16,2788.3
2026-02,25,1758.1,1996.0,1736.9,1791.9,18,4027.9
2026-03,27,1865.5,2075.0,1837.7,1867.0,25,3730.0
2026-04,25,1503.6,1878.0,1441.7,1565.0,20,3814.1
2026-05,30,1858.7,2204.0,1830.7,1902.7,29,3695.0
2026-06,30,2016.6,2245.0,1988.2,2822.0,30,3849.4
2026-07,28,2136.8,2380.0,2113.5,2107.7,25,4597.4
2026-08,25,2229.6,2410.0,2205.6,2263.1,24,4652.7
2026-09,25,2091.9,2310.0,2065.1,2122.6,22,3931.2
2026-10,2,2005.0,2070.0,1975.0,1999.5,2,3006.0
